--
-- PostgreSQL database dump
--

-- Dumped from database version 9.4.5
-- Dumped by pg_dump version 9.4.5
-- Started on 2016-03-01 17:17:50

SET statement_timeout = 0;
SET lock_timeout = 0;
SET client_encoding = 'UTF8';
SET standard_conforming_strings = on;
SET check_function_bodies = false;
SET client_min_messages = warning;

--
-- TOC entry 2060 (class 1262 OID 17123)
-- Name: felixsu; Type: DATABASE; Schema: -; Owner: postgres
--

CREATE DATABASE felixsu WITH TEMPLATE = template0 ENCODING = 'UTF8' LC_COLLATE = 'English_United States.1252' LC_CTYPE = 'English_United States.1252';


ALTER DATABASE felixsu OWNER TO postgres;

\connect felixsu

SET statement_timeout = 0;
SET lock_timeout = 0;
SET client_encoding = 'UTF8';
SET standard_conforming_strings = on;
SET check_function_bodies = false;
SET client_min_messages = warning;

--
-- TOC entry 183 (class 3079 OID 11855)
-- Name: plpgsql; Type: EXTENSION; Schema: -; Owner: 
--

CREATE EXTENSION IF NOT EXISTS plpgsql WITH SCHEMA pg_catalog;


--
-- TOC entry 2063 (class 0 OID 0)
-- Dependencies: 183
-- Name: EXTENSION plpgsql; Type: COMMENT; Schema: -; Owner: 
--

COMMENT ON EXTENSION plpgsql IS 'PL/pgSQL procedural language';


SET search_path = public, pg_catalog;

SET default_tablespace = '';

SET default_with_oids = false;

--
-- TOC entry 178 (class 1259 OID 18888)
-- Name: authorities; Type: TABLE; Schema: public; Owner: postgres; Tablespace: 
--

CREATE TABLE authorities (
    id integer NOT NULL,
    authority character varying(50) NOT NULL
);


ALTER TABLE authorities OWNER TO postgres;

--
-- TOC entry 174 (class 1259 OID 18862)
-- Name: oauth_access_token; Type: TABLE; Schema: public; Owner: postgres; Tablespace: 
--

CREATE TABLE oauth_access_token (
    token_id character varying(256),
    token bytea,
    authentication_id character varying(256) NOT NULL,
    user_name character varying(256),
    client_id character varying(256),
    authentication bytea,
    refresh_token character varying(256)
);


ALTER TABLE oauth_access_token OWNER TO postgres;

--
-- TOC entry 177 (class 1259 OID 18882)
-- Name: oauth_approvals; Type: TABLE; Schema: public; Owner: postgres; Tablespace: 
--

CREATE TABLE oauth_approvals (
    userid character varying(256),
    clientid character varying(256),
    scope character varying(256),
    status character varying(10),
    expiresat timestamp without time zone,
    lastmodifiedat timestamp without time zone
);


ALTER TABLE oauth_approvals OWNER TO postgres;

--
-- TOC entry 172 (class 1259 OID 18845)
-- Name: oauth_client_details; Type: TABLE; Schema: public; Owner: postgres; Tablespace: 
--

CREATE TABLE oauth_client_details (
    client_id character varying(256) NOT NULL,
    resource_ids character varying(256),
    client_secret character varying(256),
    scope character varying(256),
    authorized_grant_types character varying(256),
    web_server_redirect_uri character varying(256),
    authorities character varying(256),
    access_token_validity integer,
    refresh_token_validity integer,
    additional_information character varying(4096),
    autoapprove character varying(256)
);


ALTER TABLE oauth_client_details OWNER TO postgres;

--
-- TOC entry 173 (class 1259 OID 18854)
-- Name: oauth_client_token; Type: TABLE; Schema: public; Owner: postgres; Tablespace: 
--

CREATE TABLE oauth_client_token (
    token_id character varying(256),
    token bytea,
    authentication_id character varying(256) NOT NULL,
    user_name character varying(256),
    client_id character varying(256)
);


ALTER TABLE oauth_client_token OWNER TO postgres;

--
-- TOC entry 176 (class 1259 OID 18876)
-- Name: oauth_code; Type: TABLE; Schema: public; Owner: postgres; Tablespace: 
--

CREATE TABLE oauth_code (
    code character varying(256),
    authentication bytea
);


ALTER TABLE oauth_code OWNER TO postgres;

--
-- TOC entry 175 (class 1259 OID 18870)
-- Name: oauth_refresh_token; Type: TABLE; Schema: public; Owner: postgres; Tablespace: 
--

CREATE TABLE oauth_refresh_token (
    token_id character varying(256),
    token bytea,
    authentication bytea
);


ALTER TABLE oauth_refresh_token OWNER TO postgres;

--
-- TOC entry 181 (class 1259 OID 18916)
-- Name: seq_authorities_id; Type: SEQUENCE; Schema: public; Owner: postgres
--

CREATE SEQUENCE seq_authorities_id
    START WITH 1
    INCREMENT BY 1
    NO MINVALUE
    NO MAXVALUE
    CACHE 1;


ALTER TABLE seq_authorities_id OWNER TO postgres;

--
-- TOC entry 182 (class 1259 OID 18918)
-- Name: seq_users_id; Type: SEQUENCE; Schema: public; Owner: postgres
--

CREATE SEQUENCE seq_users_id
    START WITH 1
    INCREMENT BY 1
    NO MINVALUE
    NO MAXVALUE
    CACHE 1;


ALTER TABLE seq_users_id OWNER TO postgres;

--
-- TOC entry 179 (class 1259 OID 18893)
-- Name: user_role; Type: TABLE; Schema: public; Owner: postgres; Tablespace: 
--

CREATE TABLE user_role (
    user_id integer NOT NULL,
    role_id integer NOT NULL
);


ALTER TABLE user_role OWNER TO postgres;

--
-- TOC entry 180 (class 1259 OID 18898)
-- Name: users; Type: TABLE; Schema: public; Owner: postgres; Tablespace: 
--

CREATE TABLE users (
    id integer NOT NULL,
    email character varying(50) NOT NULL,
    password character varying(500) NOT NULL,
    username character varying(50) NOT NULL
);


ALTER TABLE users OWNER TO postgres;

--
-- TOC entry 2051 (class 0 OID 18888)
-- Dependencies: 178
-- Data for Name: authorities; Type: TABLE DATA; Schema: public; Owner: postgres
--

INSERT INTO authorities (id, authority) VALUES (1, 'ROLE_USER');
INSERT INTO authorities (id, authority) VALUES (2, 'ROLE_ADMIN');
INSERT INTO authorities (id, authority) VALUES (3, 'ROLE_GUEST');


--
-- TOC entry 2047 (class 0 OID 18862)
-- Dependencies: 174
-- Data for Name: oauth_access_token; Type: TABLE DATA; Schema: public; Owner: postgres
--

INSERT INTO oauth_access_token (token_id, token, authentication_id, user_name, client_id, authentication, refresh_token) VALUES ('009c94ef387c2e0568997a94baa406b5', '\xaced0005737200436f72672e737072696e676672616d65776f726b2e73656375726974792e6f61757468322e636f6d6d6f6e2e44656661756c744f4175746832416363657373546f6b656e0cb29e361b24face0200064c00156164646974696f6e616c496e666f726d6174696f6e74000f4c6a6176612f7574696c2f4d61703b4c000a65787069726174696f6e7400104c6a6176612f7574696c2f446174653b4c000c72656672657368546f6b656e74003f4c6f72672f737072696e676672616d65776f726b2f73656375726974792f6f61757468322f636f6d6d6f6e2f4f417574683252656672657368546f6b656e3b4c000573636f706574000f4c6a6176612f7574696c2f5365743b4c0009746f6b656e547970657400124c6a6176612f6c616e672f537472696e673b4c000576616c756571007e000578707372001e6a6176612e7574696c2e436f6c6c656374696f6e7324456d7074794d6170593614855adce7d002000078707372000e6a6176612e7574696c2e44617465686a81014b597419030000787077080000015331a3c3df787372004c6f72672e737072696e676672616d65776f726b2e73656375726974792e6f61757468322e636f6d6d6f6e2e44656661756c744578706972696e674f417574683252656672657368546f6b656e2fdf47639dd0c9b70200014c000a65787069726174696f6e71007e0002787200446f72672e737072696e676672616d65776f726b2e73656375726974792e6f61757468322e636f6d6d6f6e2e44656661756c744f417574683252656672657368546f6b656e73e10e0a6354d45e0200014c000576616c756571007e0005787074002465383932373264312d646531652d346137652d383961362d3532333930363833356363657371007e000977080000015331d3b4a078737200256a6176612e7574696c2e436f6c6c656374696f6e7324556e6d6f6469666961626c65536574801d92d18f9b80550200007872002c6a6176612e7574696c2e436f6c6c656374696f6e7324556e6d6f6469666961626c65436f6c6c656374696f6e19420080cb5ef71e0200014c0001637400164c6a6176612f7574696c2f436f6c6c656374696f6e3b7870737200176a6176612e7574696c2e4c696e6b656448617368536574d86cd75a95dd2a1e020000787200116a6176612e7574696c2e48617368536574ba44859596b8b7340300007870770c000000103f40000000000001740004726561647874000662656172657274002436613064626437622d336435312d343934652d626134642d303630313834353837646466', 'f9385e6168177b89fd1015002173a882', 'felix', 'clientapp', '\xaced0005737200416f72672e737072696e676672616d65776f726b2e73656375726974792e6f61757468322e70726f76696465722e4f417574683241757468656e7469636174696f6ebd400b02166252130200024c000d73746f7265645265717565737474003c4c6f72672f737072696e676672616d65776f726b2f73656375726974792f6f61757468322f70726f76696465722f4f4175746832526571756573743b4c00127573657241757468656e7469636174696f6e7400324c6f72672f737072696e676672616d65776f726b2f73656375726974792f636f72652f41757468656e7469636174696f6e3b787200476f72672e737072696e676672616d65776f726b2e73656375726974792e61757468656e7469636174696f6e2e416273747261637441757468656e7469636174696f6e546f6b656ed3aa287e6e47640e0200035a000d61757468656e746963617465644c000b617574686f7269746965737400164c6a6176612f7574696c2f436f6c6c656374696f6e3b4c000764657461696c737400124c6a6176612f6c616e672f4f626a6563743b787000737200266a6176612e7574696c2e436f6c6c656374696f6e7324556e6d6f6469666961626c654c697374fc0f2531b5ec8e100200014c00046c6973747400104c6a6176612f7574696c2f4c6973743b7872002c6a6176612e7574696c2e436f6c6c656374696f6e7324556e6d6f6469666961626c65436f6c6c656374696f6e19420080cb5ef71e0200014c00016371007e00047870737200136a6176612e7574696c2e41727261794c6973747881d21d99c7619d03000149000473697a657870000000027704000000027372001f636f6d2e66656c69782e7762632e6d6f64656c2e417574686f72697469657300000000000000010200034c0009617574686f726974797400124c6a6176612f6c616e672f537472696e673b4c000269647400134c6a6176612f6c616e672f496e74656765723b4c0005757365727374000f4c6a6176612f7574696c2f5365743b787074000a524f4c455f41444d494e737200116a6176612e6c616e672e496e746567657212e2a0a4f781873802000149000576616c7565787200106a6176612e6c616e672e4e756d62657286ac951d0b94e08b0200007870000000027372002f6f72672e68696265726e6174652e636f6c6c656374696f6e2e696e7465726e616c2e50657273697374656e7453657486e4fda1f2eee0af0200014c000373657471007e00107872003e6f72672e68696265726e6174652e636f6c6c656374696f6e2e696e7465726e616c2e416273747261637450657273697374656e74436f6c6c656374696f6e844a7e7706ae8d0b0200095a001b616c6c6f774c6f61644f7574736964655472616e73616374696f6e49000a63616368656453697a655a000564697274795a000b696e697469616c697a65644c00036b65797400164c6a6176612f696f2f53657269616c697a61626c653b4c00056f776e657271007e00054c0004726f6c6571007e000e4c001273657373696f6e466163746f72795575696471007e000e4c000e73746f726564536e617073686f7471007e0018787000ffffffff000071007e001571007e0011740025636f6d2e66656c69782e7762632e6d6f64656c2e417574686f7269746965732e75736572737070707371007e000d740009524f4c455f555345527371007e0013000000017371007e001600ffffffff000071007e001d71007e001b71007e001a7070707871007e000c707372003a6f72672e737072696e676672616d65776f726b2e73656375726974792e6f61757468322e70726f76696465722e4f41757468325265717565737400000000000000010200075a0008617070726f7665644c000b617574686f72697469657371007e00044c000a657874656e73696f6e7374000f4c6a6176612f7574696c2f4d61703b4c000b726564697265637455726971007e000e4c00077265667265736874003b4c6f72672f737072696e676672616d65776f726b2f73656375726974792f6f61757468322f70726f76696465722f546f6b656e526571756573743b4c000b7265736f7572636549647371007e00104c000d726573706f6e7365547970657371007e0010787200386f72672e737072696e676672616d65776f726b2e73656375726974792e6f61757468322e70726f76696465722e426173655265717565737436287a3ea37169bd0200034c0008636c69656e74496471007e000e4c001172657175657374506172616d657465727371007e00204c000573636f706571007e00107870740009636c69656e74617070737200256a6176612e7574696c2e436f6c6c656374696f6e7324556e6d6f6469666961626c654d6170f1a5a8fe74f507420200014c00016d71007e00207870737200116a6176612e7574696c2e486173684d61700507dac1c31660d103000246000a6c6f6164466163746f724900097468726573686f6c6478703f4000000000000c7708000000100000000474000a6772616e745f7479706574000870617373776f726474000573636f706574000472656164740009636c69656e745f6964740009636c69656e74617070740008757365726e616d6574000566656c697878737200256a6176612e7574696c2e436f6c6c656374696f6e7324556e6d6f6469666961626c65536574801d92d18f9b80550200007871007e0009737200176a6176612e7574696c2e4c696e6b656448617368536574d86cd75a95dd2a1e020000787200116a6176612e7574696c2e48617368536574ba44859596b8b7340300007870770c000000103f4000000000000171007e002c78017371007e0034770c000000103f40000000000001737200426f72672e737072696e676672616d65776f726b2e73656375726974792e636f72652e617574686f726974792e53696d706c654772616e746564417574686f7269747900000000000001900200014c0004726f6c6571007e000e787074000455534552787371007e00273f40000000000000770800000010000000007870707371007e0033770c000000103f4000000000000174000f6f61757468322d7265736f75726365787371007e0034770c000000103f40000000000000787372004f6f72672e737072696e676672616d65776f726b2e73656375726974792e61757468656e7469636174696f6e2e557365726e616d6550617373776f726441757468656e7469636174696f6e546f6b656e00000000000001900200024c000b63726564656e7469616c7371007e00054c00097072696e636970616c71007e00057871007e0003017371007e00077371007e000b0000000277040000000271007e001171007e001b7871007e0041737200176a6176612e7574696c2e4c696e6b6564486173684d617034c04e5c106cc0fb0200015a000b6163636573734f726465727871007e00273f4000000000000c7708000000100000000571007e002f71007e003071007e002971007e002a71007e002b71007e002c74000d636c69656e745f73656372657474000631323334353671007e002d71007e002e78007073720049636f6d2e66656c69782e7762632e736572766963652e437573746f6d5573657244657461696c735365727669636524557365725265706f7369746f7279557365727344657461696c7300000000000000010200007870', '8cc252307144e1c7153609de58e9d2c7');


--
-- TOC entry 2050 (class 0 OID 18882)
-- Dependencies: 177
-- Data for Name: oauth_approvals; Type: TABLE DATA; Schema: public; Owner: postgres
--



--
-- TOC entry 2045 (class 0 OID 18845)
-- Dependencies: 172
-- Data for Name: oauth_client_details; Type: TABLE DATA; Schema: public; Owner: postgres
--

INSERT INTO oauth_client_details (client_id, resource_ids, client_secret, scope, authorized_grant_types, web_server_redirect_uri, authorities, access_token_validity, refresh_token_validity, additional_information, autoapprove) VALUES ('clientapp', 'oauth2-resource', '123456', 'read,write', 'password,refresh_token', 'localhost:8080', 'USER', 180, 3600, '{"info":"test"}', 'true');


--
-- TOC entry 2046 (class 0 OID 18854)
-- Dependencies: 173
-- Data for Name: oauth_client_token; Type: TABLE DATA; Schema: public; Owner: postgres
--



--
-- TOC entry 2049 (class 0 OID 18876)
-- Dependencies: 176
-- Data for Name: oauth_code; Type: TABLE DATA; Schema: public; Owner: postgres
--



--
-- TOC entry 2048 (class 0 OID 18870)
-- Dependencies: 175
-- Data for Name: oauth_refresh_token; Type: TABLE DATA; Schema: public; Owner: postgres
--

INSERT INTO oauth_refresh_token (token_id, token, authentication) VALUES ('8cc252307144e1c7153609de58e9d2c7', '\xaced00057372004c6f72672e737072696e676672616d65776f726b2e73656375726974792e6f61757468322e636f6d6d6f6e2e44656661756c744578706972696e674f417574683252656672657368546f6b656e2fdf47639dd0c9b70200014c000a65787069726174696f6e7400104c6a6176612f7574696c2f446174653b787200446f72672e737072696e676672616d65776f726b2e73656375726974792e6f61757468322e636f6d6d6f6e2e44656661756c744f417574683252656672657368546f6b656e73e10e0a6354d45e0200014c000576616c75657400124c6a6176612f6c616e672f537472696e673b787074002465383932373264312d646531652d346137652d383961362d3532333930363833356363657372000e6a6176612e7574696c2e44617465686a81014b597419030000787077080000015331d3b4a078', '\xaced0005737200416f72672e737072696e676672616d65776f726b2e73656375726974792e6f61757468322e70726f76696465722e4f417574683241757468656e7469636174696f6ebd400b02166252130200024c000d73746f7265645265717565737474003c4c6f72672f737072696e676672616d65776f726b2f73656375726974792f6f61757468322f70726f76696465722f4f4175746832526571756573743b4c00127573657241757468656e7469636174696f6e7400324c6f72672f737072696e676672616d65776f726b2f73656375726974792f636f72652f41757468656e7469636174696f6e3b787200476f72672e737072696e676672616d65776f726b2e73656375726974792e61757468656e7469636174696f6e2e416273747261637441757468656e7469636174696f6e546f6b656ed3aa287e6e47640e0200035a000d61757468656e746963617465644c000b617574686f7269746965737400164c6a6176612f7574696c2f436f6c6c656374696f6e3b4c000764657461696c737400124c6a6176612f6c616e672f4f626a6563743b787000737200266a6176612e7574696c2e436f6c6c656374696f6e7324556e6d6f6469666961626c654c697374fc0f2531b5ec8e100200014c00046c6973747400104c6a6176612f7574696c2f4c6973743b7872002c6a6176612e7574696c2e436f6c6c656374696f6e7324556e6d6f6469666961626c65436f6c6c656374696f6e19420080cb5ef71e0200014c00016371007e00047870737200136a6176612e7574696c2e41727261794c6973747881d21d99c7619d03000149000473697a657870000000027704000000027372001f636f6d2e66656c69782e7762632e6d6f64656c2e417574686f72697469657300000000000000010200034c0009617574686f726974797400124c6a6176612f6c616e672f537472696e673b4c000269647400134c6a6176612f6c616e672f496e74656765723b4c0005757365727374000f4c6a6176612f7574696c2f5365743b787074000a524f4c455f41444d494e737200116a6176612e6c616e672e496e746567657212e2a0a4f781873802000149000576616c7565787200106a6176612e6c616e672e4e756d62657286ac951d0b94e08b0200007870000000027372002f6f72672e68696265726e6174652e636f6c6c656374696f6e2e696e7465726e616c2e50657273697374656e7453657486e4fda1f2eee0af0200014c000373657471007e00107872003e6f72672e68696265726e6174652e636f6c6c656374696f6e2e696e7465726e616c2e416273747261637450657273697374656e74436f6c6c656374696f6e844a7e7706ae8d0b0200095a001b616c6c6f774c6f61644f7574736964655472616e73616374696f6e49000a63616368656453697a655a000564697274795a000b696e697469616c697a65644c00036b65797400164c6a6176612f696f2f53657269616c697a61626c653b4c00056f776e657271007e00054c0004726f6c6571007e000e4c001273657373696f6e466163746f72795575696471007e000e4c000e73746f726564536e617073686f7471007e0018787000ffffffff000071007e001571007e0011740025636f6d2e66656c69782e7762632e6d6f64656c2e417574686f7269746965732e75736572737070707371007e000d740009524f4c455f555345527371007e0013000000017371007e001600ffffffff000071007e001d71007e001b71007e001a7070707871007e000c707372003a6f72672e737072696e676672616d65776f726b2e73656375726974792e6f61757468322e70726f76696465722e4f41757468325265717565737400000000000000010200075a0008617070726f7665644c000b617574686f72697469657371007e00044c000a657874656e73696f6e7374000f4c6a6176612f7574696c2f4d61703b4c000b726564697265637455726971007e000e4c00077265667265736874003b4c6f72672f737072696e676672616d65776f726b2f73656375726974792f6f61757468322f70726f76696465722f546f6b656e526571756573743b4c000b7265736f7572636549647371007e00104c000d726573706f6e7365547970657371007e0010787200386f72672e737072696e676672616d65776f726b2e73656375726974792e6f61757468322e70726f76696465722e426173655265717565737436287a3ea37169bd0200034c0008636c69656e74496471007e000e4c001172657175657374506172616d657465727371007e00204c000573636f706571007e00107870740009636c69656e74617070737200256a6176612e7574696c2e436f6c6c656374696f6e7324556e6d6f6469666961626c654d6170f1a5a8fe74f507420200014c00016d71007e00207870737200116a6176612e7574696c2e486173684d61700507dac1c31660d103000246000a6c6f6164466163746f724900097468726573686f6c6478703f4000000000000c7708000000100000000474000a6772616e745f7479706574000870617373776f726474000573636f706574000472656164740009636c69656e745f6964740009636c69656e74617070740008757365726e616d6574000566656c697878737200256a6176612e7574696c2e436f6c6c656374696f6e7324556e6d6f6469666961626c65536574801d92d18f9b80550200007871007e0009737200176a6176612e7574696c2e4c696e6b656448617368536574d86cd75a95dd2a1e020000787200116a6176612e7574696c2e48617368536574ba44859596b8b7340300007870770c000000103f4000000000000171007e002c78017371007e0034770c000000103f40000000000001737200426f72672e737072696e676672616d65776f726b2e73656375726974792e636f72652e617574686f726974792e53696d706c654772616e746564417574686f7269747900000000000001900200014c0004726f6c6571007e000e787074000455534552787371007e00273f40000000000000770800000010000000007870707371007e0033770c000000103f4000000000000174000f6f61757468322d7265736f75726365787371007e0034770c000000103f40000000000000787372004f6f72672e737072696e676672616d65776f726b2e73656375726974792e61757468656e7469636174696f6e2e557365726e616d6550617373776f726441757468656e7469636174696f6e546f6b656e00000000000001900200024c000b63726564656e7469616c7371007e00054c00097072696e636970616c71007e00057871007e0003017371007e00077371007e000b0000000277040000000271007e001171007e001b7871007e0041737200176a6176612e7574696c2e4c696e6b6564486173684d617034c04e5c106cc0fb0200015a000b6163636573734f726465727871007e00273f4000000000000c7708000000100000000571007e002f71007e003071007e002971007e002a71007e002b71007e002c74000d636c69656e745f73656372657474000631323334353671007e002d71007e002e78007073720049636f6d2e66656c69782e7762632e736572766963652e437573746f6d5573657244657461696c735365727669636524557365725265706f7369746f7279557365727344657461696c7300000000000000010200007870');


--
-- TOC entry 2064 (class 0 OID 0)
-- Dependencies: 181
-- Name: seq_authorities_id; Type: SEQUENCE SET; Schema: public; Owner: postgres
--

SELECT pg_catalog.setval('seq_authorities_id', 1, false);


--
-- TOC entry 2065 (class 0 OID 0)
-- Dependencies: 182
-- Name: seq_users_id; Type: SEQUENCE SET; Schema: public; Owner: postgres
--

SELECT pg_catalog.setval('seq_users_id', 1, false);


--
-- TOC entry 2052 (class 0 OID 18893)
-- Dependencies: 179
-- Data for Name: user_role; Type: TABLE DATA; Schema: public; Owner: postgres
--

INSERT INTO user_role (user_id, role_id) VALUES (1, 1);
INSERT INTO user_role (user_id, role_id) VALUES (1, 2);
INSERT INTO user_role (user_id, role_id) VALUES (2, 1);
INSERT INTO user_role (user_id, role_id) VALUES (3, 1);
INSERT INTO user_role (user_id, role_id) VALUES (4, 1);
INSERT INTO user_role (user_id, role_id) VALUES (4, 2);


--
-- TOC entry 2053 (class 0 OID 18898)
-- Dependencies: 180
-- Data for Name: users; Type: TABLE DATA; Schema: public; Owner: postgres
--

INSERT INTO users (id, email, password, username) VALUES (1, 'roy@test.com', 'spring', 'roy');
INSERT INTO users (id, email, password, username) VALUES (2, 'craig@test.com', 'spring', 'craig');
INSERT INTO users (id, email, password, username) VALUES (3, 'greg@test.com', 'spring', 'greg');
INSERT INTO users (id, email, password, username) VALUES (4, 'felix@test.com', 'spring', 'felix');


--
-- TOC entry 1929 (class 2606 OID 18892)
-- Name: authorities_pkey; Type: CONSTRAINT; Schema: public; Owner: postgres; Tablespace: 
--

ALTER TABLE ONLY authorities
    ADD CONSTRAINT authorities_pkey PRIMARY KEY (id);


--
-- TOC entry 1927 (class 2606 OID 18869)
-- Name: oauth_access_token_pkey; Type: CONSTRAINT; Schema: public; Owner: postgres; Tablespace: 
--

ALTER TABLE ONLY oauth_access_token
    ADD CONSTRAINT oauth_access_token_pkey PRIMARY KEY (authentication_id);


--
-- TOC entry 1923 (class 2606 OID 18852)
-- Name: oauth_client_details_pkey; Type: CONSTRAINT; Schema: public; Owner: postgres; Tablespace: 
--

ALTER TABLE ONLY oauth_client_details
    ADD CONSTRAINT oauth_client_details_pkey PRIMARY KEY (client_id);


--
-- TOC entry 1925 (class 2606 OID 18861)
-- Name: oauth_client_token_pkey; Type: CONSTRAINT; Schema: public; Owner: postgres; Tablespace: 
--

ALTER TABLE ONLY oauth_client_token
    ADD CONSTRAINT oauth_client_token_pkey PRIMARY KEY (authentication_id);


--
-- TOC entry 1931 (class 2606 OID 18897)
-- Name: user_role_pkey; Type: CONSTRAINT; Schema: public; Owner: postgres; Tablespace: 
--

ALTER TABLE ONLY user_role
    ADD CONSTRAINT user_role_pkey PRIMARY KEY (user_id, role_id);


--
-- TOC entry 1933 (class 2606 OID 18905)
-- Name: users_pkey; Type: CONSTRAINT; Schema: public; Owner: postgres; Tablespace: 
--

ALTER TABLE ONLY users
    ADD CONSTRAINT users_pkey PRIMARY KEY (id);


--
-- TOC entry 1935 (class 2606 OID 18911)
-- Name: fk_apcc8lxk2xnug8377fatvbn04; Type: FK CONSTRAINT; Schema: public; Owner: postgres
--

ALTER TABLE ONLY user_role
    ADD CONSTRAINT fk_apcc8lxk2xnug8377fatvbn04 FOREIGN KEY (user_id) REFERENCES users(id);


--
-- TOC entry 1934 (class 2606 OID 18906)
-- Name: fk_it77eq964jhfqtu54081ebtio; Type: FK CONSTRAINT; Schema: public; Owner: postgres
--

ALTER TABLE ONLY user_role
    ADD CONSTRAINT fk_it77eq964jhfqtu54081ebtio FOREIGN KEY (role_id) REFERENCES authorities(id);


--
-- TOC entry 2062 (class 0 OID 0)
-- Dependencies: 5
-- Name: public; Type: ACL; Schema: -; Owner: postgres
--

REVOKE ALL ON SCHEMA public FROM PUBLIC;
REVOKE ALL ON SCHEMA public FROM postgres;
GRANT ALL ON SCHEMA public TO postgres;
GRANT ALL ON SCHEMA public TO PUBLIC;


-- Completed on 2016-03-01 17:17:50

--
-- PostgreSQL database dump complete
--

